번호,영상ID,상태,사유,채널,제목,업로드일,길이,재생목록,문단수,글자수,주소
1,7wLWFYMflaw,성공,,초코서당(초명),나는 주식으로 부자가 될 수 있을까?,20260703,21:47,,17,11214,https://www.youtube.com/watch?v=7wLWFYMflaw
2,hdUj1lq2jXc,성공,,초코서당(초명),좋은 운이라면서 왜 힘든 걸까?,20260619,12:24,,9,6173,https://www.youtube.com/watch?v=hdUj1lq2jXc
3,yUcasHEzOzQ,성공,,초코서당(초명),식재가 과다하면 외향적일까?,20260612,11:03,,9,5852,https://www.youtube.com/watch?v=yUcasHEzOzQ
4,BfPwayJ1n0A,성공,,초코서당(초명),신왕한 사주란 무엇인가?,20260605,17:13,,18,8233,https://www.youtube.com/watch?v=BfPwayJ1n0A
5,1ZEmQmYM8bU,성공,,초코서당(초명),고전에서 말하는 부자 사주의 구조,20260529,10:53,,12,5325,https://www.youtube.com/watch?v=1ZEmQmYM8bU
6,dTzS50z6s7g,성공,,초코서당(초명),병오년 자오충의 의미,20260522,2:30,,2,1273,https://www.youtube.com/watch?v=dTzS50z6s7g
7,KwivNLfoGbE,성공,,초코서당(초명),병오년에 화(火)만 이야기하면 안 돼요,20260515,20:30,,15,10182,https://www.youtube.com/watch?v=KwivNLfoGbE
8,rNqihUidxvI,성공,,초코서당(초명),전왕사주는 폭발력이 강하다,20260508,24:01,,17,12115,https://www.youtube.com/watch?v=rNqihUidxvI
9,W0XO1ylzN7o,성공,,초코서당(초명),무관성 사주가 욕 먹는 이유,20260501,13:08,,11,7009,https://www.youtube.com/watch?v=W0XO1ylzN7o
10,vMdsdhZqQ_0,성공,,초코서당(초명),최고의 재성은 금 재성이다,20260424,10:31,,8,5380,https://www.youtube.com/watch?v=vMdsdhZqQ_0
11,YNrxFQj_FPY,성공,,초코서당(초명),신강과 신약에 대한 오해와 편견,20260313,10:40,,9,5146,https://www.youtube.com/watch?v=YNrxFQj_FPY
12,ahBYzr2eZn0,성공,,초코서당(초명),당신의 사주 실력이 늘지 않는 진짜 이유,20260218,3:57,,3,2046,https://www.youtube.com/watch?v=ahBYzr2eZn0
13,qRHyAyjFZLs,성공,,초코서당(초명),사주가 인생을 결정한다는 거짓말,20260213,22:52,,18,11599,https://www.youtube.com/watch?v=qRHyAyjFZLs
14,8Pf3hGzVprE,성공,,초코서당(초명),사주를 하나의 관점으로만 보지 맙시다,20260130,27:42,,25,13358,https://www.youtube.com/watch?v=8Pf3hGzVprE
15,kDvPEALXeLU,성공,,초코서당(초명),식상의 재능을 나만의 무기로 만드려면?,20260109,26:38,,20,13779,https://www.youtube.com/watch?v=kDvPEALXeLU
16,1QFaCE4FucA,성공,,초코서당(초명),어떤 사주가 회사생활이 힘들까,20251226,22:41,,19,12040,https://www.youtube.com/watch?v=1QFaCE4FucA
17,uIfCv_XngN8,성공,,초코서당(초명),사주 편재 운의 작용 원리,20251219,28:28,,22,14541,https://www.youtube.com/watch?v=uIfCv_XngN8
18,KiV4DcjtMpA,성공,,초코서당(초명),치우친 사주는 폭발력이 강하다,20251219,29:42,,27,15824,https://www.youtube.com/watch?v=KiV4DcjtMpA
19,bFfowUX0rjY,성공,,초코서당(초명),화(火)가 들어와야 대박이 터지는 사주,20251212,24:02,,20,12679,https://www.youtube.com/watch?v=bFfowUX0rjY
20,Al8o55wAqy4,성공,,초코서당(초명),겨울생인데 불이 위험한 사주,20251205,13:06,,10,6866,https://www.youtube.com/watch?v=Al8o55wAqy4
21,A8rWK0luiWQ,성공,,초코서당(초명),운에서 화가 강해지면 어떤 일이 일어날까요,20251128,28:13,,26,14941,https://www.youtube.com/watch?v=A8rWK0luiWQ
22,jiZdHvzKfv4,성공,,초코서당(초명),2026년 병오년에 일어날 환경 변화,20251121,47:44,,40,24897,https://www.youtube.com/watch?v=jiZdHvzKfv4
23,QlCGgC-Ocqk,성공,,초코서당(초명),나와 같은 사주를 가진 사람들,20251114,40:36,,37,19742,https://www.youtube.com/watch?v=QlCGgC-Ocqk
24,KLDPWKsjhMo,성공,,초코서당(초명),인류의 모든 사주를 계산해봤습니다,20251031,26:39,,33,12858,https://www.youtube.com/watch?v=KLDPWKsjhMo
25,mAk12tAOSJY,성공,,초코서당(초명),"양자역학으로 본 사주와 운명, 결정론의 허상",20251024,25:29,,19,13306,https://www.youtube.com/watch?v=mAk12tAOSJY
26,gbDyXTTHTxs,성공,,초코서당(초명),사주 좋은 병사들만 모아 전쟁하면 무조건 이길까?,20251018,18:34,,14,9992,https://www.youtube.com/watch?v=gbDyXTTHTxs
27,z_MqlchyWPg,성공,,초코서당(초명),천간과 지지의 차이,20251018,18:08,,13,9195,https://www.youtube.com/watch?v=z_MqlchyWPg
28,pRQRW6tRcDw,성공,,초코서당(초명),"강아지, 고양이도 사주 볼 수 있나요?",20250905,17:45,,19,9176,https://www.youtube.com/watch?v=pRQRW6tRcDw
29,y8Vgcp4H4I4,성공,,초코서당(초명),경쟁자가 배우자와 재산을 다 뺏어간다고? ㅋㅋㅋ,20250829,19:37,,15,10060,https://www.youtube.com/watch?v=y8Vgcp4H4I4
30,EKzoXPyjAac,성공,,초코서당(초명),사주로 보는 불안과 우울의 원인,20250822,21:02,,17,10521,https://www.youtube.com/watch?v=EKzoXPyjAac
31,UAQGqOd6wRw,성공,,초코서당(초명),극단적인 저세상(?) 사주 모음,20250815,17:27,,13,8786,https://www.youtube.com/watch?v=UAQGqOd6wRw
32,sC3-iYHCfaU,성공,,초코서당(초명),저는 화 운을 어떻게 대비하고 있을까요?,20250725,9:05,,8,4843,https://www.youtube.com/watch?v=sC3-iYHCfaU
33,DmbuIwudvEk,성공,,초코서당(초명),사주명리책 사지 마세요,20250718,31:44,,27,17292,https://www.youtube.com/watch?v=DmbuIwudvEk
34,aQGmn9bzHss,성공,,초코서당(초명),같은 화(火)라도 일간에 따라 작용이 다릅니다.,20250716,17:45,,15,9195,https://www.youtube.com/watch?v=aQGmn9bzHss
35,mgiNlvICLJk,성공,,초코서당(초명),"나의 직업과 돈 버는 전략, 사주가 답하다",20250711,25:12,,20,13268,https://www.youtube.com/watch?v=mgiNlvICLJk
36,uAlRQiKyBKA,성공,,초코서당(초명),사주전문가가 챗GPT로 사주보고 깨달은 점,20250704,14:56,,13,7785,https://www.youtube.com/watch?v=uAlRQiKyBKA
37,-YSebkN6jsA,성공,,초코서당(초명),일지에 따라 선호하는 배우자 유형이 다릅니다,20250704,18:09,,16,9193,https://www.youtube.com/watch?v=-YSebkN6jsA
38,rF5UexsQCj8,성공,,초코서당(초명),"머리좋고 똑똑한 사주의 본질, 금백수청과 목화통명",20250509,12:14,,10,6219,https://www.youtube.com/watch?v=rF5UexsQCj8
39,yWI3zFxW6g0,성공,,초코서당(초명),사주에 화 기운이 강하다면? 이런 날 조심하세요,20250620,12:05,,11,6183,https://www.youtube.com/watch?v=yWI3zFxW6g0
40,aQR2Um81E_4,성공,,초코서당(초명),편재가 천간에 떠야 부자다,20250502,12:14,,10,6151,https://www.youtube.com/watch?v=aQR2Um81E_4
41,WzDcx1eYpLI,성공,,초코서당(초명),"일지로 배우자, 건강, 직업을 알 수 있는 이유는?",20250426,13:58,,11,6875,https://www.youtube.com/watch?v=WzDcx1eYpLI
42,_JBE5OOnqBo,성공,,초코서당(초명),오행에 따라 달라지는 십성의 특징,20250418,14:38,,13,7662,https://www.youtube.com/watch?v=_JBE5OOnqBo
43,EOYvyD83unM,성공,,초코서당(초명),관살혼잡은 아무런 문제가 없다!,20250411,24:55,,19,12643,https://www.youtube.com/watch?v=EOYvyD83unM
44,GsJk0jrmPqQ,성공,,초코서당(초명),한겨울에 태어난 사주의 문제,20250325,14:20,,16,6940,https://www.youtube.com/watch?v=GsJk0jrmPqQ
45,RxSNnEscbEY,성공,,초코서당(초명),사주만 봐도 언제 죽는지 알 수 있다면,20250321,12:30,,12,6514,https://www.youtube.com/watch?v=RxSNnEscbEY
46,wswodcBqsQo,성공,,초코서당(초명),토 인성이 많은 분은 이렇게 해결하세요,20250318,19:56,,20,9509,https://www.youtube.com/watch?v=wswodcBqsQo
47,uvxYs4IH10Q,성공,,초코서당(초명),내 사주의 깨진 오행을 살리고 싶다면?,20250314,12:07,,14,6037,https://www.youtube.com/watch?v=uvxYs4IH10Q
48,0mHtSAb1Mpo,성공,,초코서당(초명),사주에 없는 오행이 들어오는 시기,20250307,5:57,,9,2756,https://www.youtube.com/watch?v=0mHtSAb1Mpo
49,D7Mt2UrTYGU,성공,,초코서당(초명),"내 사주 속 숨은 힘을 읽는 법 방법 / 왜 어떤 사람은 기운이 세고, 어떤 사람은 약할까? / 투간, 투출, 통근에 대한 모든 것",20250228,16:40,,19,7900,https://www.youtube.com/watch?v=D7Mt2UrTYGU
50,FELhO8z7F94,성공,,초코서당(초명),천간과 지지를 음양오행으로 보지 마세요,20250221,22:59,,20,11271,https://www.youtube.com/watch?v=FELhO8z7F94
51,zo73W1cQhik,성공,,초코서당(초명),갑목은 진토를 극하지 않는다,20250214,15:20,,14,7405,https://www.youtube.com/watch?v=zo73W1cQhik
52,MoWx3evGliQ,성공,,초코서당(초명),"사화(巳), 오화(午), 해수(亥), 자수(子)가 독특한 이유 / 체용론",20250207,25:15,,27,12004,https://www.youtube.com/watch?v=MoWx3evGliQ
53,vafUlOzUE9E,성공,,초코서당(초명),"갑진, 정미, 계축일주가 특별한 이유",20250131,11:56,,15,5555,https://www.youtube.com/watch?v=vafUlOzUE9E
54,l2LLa4IkJC0,성공,,초코서당(초명),사주명리로 보는 빅뱅과 생명의 탄생,20250124,6:25,,5,3305,https://www.youtube.com/watch?v=l2LLa4IkJC0
55,dHdc0RWTGls,성공,,초코서당(초명),사주로 보는 연애의 전략,20250111,16:48,,15,8613,https://www.youtube.com/watch?v=dHdc0RWTGls
56,vQU1XtmYmJk,성공,,초코서당(초명),사주팔자는 아무런 잘못이 없다,20250103,15:17,,14,7958,https://www.youtube.com/watch?v=vQU1XtmYmJk
57,X7NvVDd2exQ,성공,,초코서당(초명),여자들이 사주를 더 많이 보는 이유,20241224,7:04,,9,3492,https://www.youtube.com/watch?v=X7NvVDd2exQ
58,6vO-fHGeLdQ,성공,,초코서당(초명),사주로 내가 좋아하는 일을 찾는 방법,20241224,20:31,,17,10030,https://www.youtube.com/watch?v=6vO-fHGeLdQ
59,uzlDfStJJk0,성공,,초코서당(초명),25년 을사년 일간별 신년운세 모음,20241223,49:32,,46,23889,https://www.youtube.com/watch?v=uzlDfStJJk0
60,1WAy2D5nVCc,성공,,초코서당(초명),길신만 가득한 최고로 좋은 여자 사주,20241220,20:20,,20,9963,https://www.youtube.com/watch?v=1WAy2D5nVCc
61,E1FqaMsD3cw,성공,,초코서당(초명),사주로 보는 김건희의 마음/ 김건희가 윤석열과 결혼한 이유,20241217,21:11,,20,10660,https://www.youtube.com/watch?v=E1FqaMsD3cw
62,7ilwh0p5lpY,성공,,초코서당(초명),용신을 찾는 것보다 활용하는 방법이 더 중요합니다,20241213,11:57,,12,6050,https://www.youtube.com/watch?v=7ilwh0p5lpY
63,qW1zhy8sTsg,성공,,초코서당(초명),명리학자가 만난 최고의 사주,20241205,11:02,,10,5565,https://www.youtube.com/watch?v=qW1zhy8sTsg
64,gfwka248_Vg,성공,,초코서당(초명),사주로 보는 윤석열의 마음과 계엄령의 배경,20241206,17:31,,14,8935,https://www.youtube.com/watch?v=gfwka248_Vg
65,vrZY6CX5Dy0,성공,,초코서당(초명),사주로 보는 트럼프가 대통령이 된 이유,20241129,18:42,,15,9524,https://www.youtube.com/watch?v=vrZY6CX5Dy0
66,eBt3vuk_KpU,성공,,초코서당(초명),25년 을사년 신년운세 총론 / 화려한 꽃을 피우기 위한 나만의 방법은?,20241115,21:46,,22,10676,https://www.youtube.com/watch?v=eBt3vuk_KpU
67,nTkTpmOx-Q8,성공,,초코서당(초명),편관이 힘들게 해도 웃는 자가 일류다,20241115,20:10,,23,9557,https://www.youtube.com/watch?v=nTkTpmOx-Q8
68,ffTo4sCnOHg,성공,,초코서당(초명),밤에 잠을 아껴야 수 기운이 들어올까?,20241108,7:12,,7,3600,https://www.youtube.com/watch?v=ffTo4sCnOHg
69,Ibz48WPopYM,성공,,초코서당(초명),신약한 사주가 살아가는 법,20241025,14:58,,12,7272,https://www.youtube.com/watch?v=Ibz48WPopYM
70,IeAl9HkHxhg,성공,,초코서당(초명),1억을 준대도 출산택일을 안하는 이유,20241011,14:06,,12,7224,https://www.youtube.com/watch?v=IeAl9HkHxhg
71,cX7ZQ-MoOFk,성공,,초코서당(초명),신강한 사주가 살아가는 모습,20240927,12:38,,11,6136,https://www.youtube.com/watch?v=cX7ZQ-MoOFk
72,WiY1ku_AqNg,성공,,초코서당(초명),대세운의 합과 충 해석법/ 초명 명리 중급 심화 맛보기 강의,20240921,1:44:37,,572,30591,https://www.youtube.com/watch?v=WiY1ku_AqNg
73,N8oqrpRS8uw,성공,,초코서당(초명),아이 낳는 사람이 바보인 명리학적 이유,20240914,13:47,,15,6901,https://www.youtube.com/watch?v=N8oqrpRS8uw
74,O_boVjTSnkA,성공,,초코서당(초명),사주는 없다,20240913,17:52,,15,9123,https://www.youtube.com/watch?v=O_boVjTSnkA
75,AcTC59jt8qs,성공,,초코서당(초명),겁재의 성격이 달라지는 이유,20240906,20:10,,20,9970,https://www.youtube.com/watch?v=AcTC59jt8qs
76,jhI9lkSGFKw,성공,,초코서당(초명),대운을 어떻게 해석해야 할까? / 중급 심화반 수업 안내,20240905,9:21,,7,4673,https://www.youtube.com/watch?v=jhI9lkSGFKw
77,_dztv4Uw95I,성공,,초코서당(초명),태어난 시간이 운명을 결정한다,20240830,15:10,,13,7393,https://www.youtube.com/watch?v=_dztv4Uw95I
78,o4IkXat87cs,성공,,초코서당(초명),사주로 알게 된 나의 미래,20240823,36:22,,31,17986,https://www.youtube.com/watch?v=o4IkXat87cs
79,sdGUxQ-eiI4,성공,,도화도르- 사주팔자 쉽게 풀어주는 남자,[사주] 인생에 돈이 크게 들어오는 10년은 정해져 있습니다 | 내 사주 만세력 속 7가지 큰 돈 모이는 재물대운 시기(+돈 버는 법!),20260711,28:19,,24,17265,https://www.youtube.com/watch?v=sdGUxQ-eiI4
80,g_pf1FHQGVs,성공,,도화도르- 사주팔자 쉽게 풀어주는 남자,[사주] 즉석에서 신령님이 알려주시는 결국 부자되는 사람들의 인생(ft.운명전쟁 49 천명도사),20260426,51:59,,45,31264,https://www.youtube.com/watch?v=g_pf1FHQGVs
81,mEpzUdYQEaQ,성공,,도화도르- 사주팔자 쉽게 풀어주는 남자,사주보다 선명하게 사람 속마음이 보인다!?🫣ㅣ자미두수로 보는 내 사람 vs 거를 사람(EP.1),20260524,24:22,,21,14693,https://www.youtube.com/watch?v=mEpzUdYQEaQ
82,LTnuvjiwvLY,성공,,도화도르- 사주팔자 쉽게 풀어주는 남자,[사주] 천을귀인처럼 좋은 신살이 잘 발현되는 사람들은 따로 있습니다ㅣ있으면 좋은 길살 모음집😇,20250710,23:21,,29,13511,https://www.youtube.com/watch?v=LTnuvjiwvLY
83,a3qufG3oEug,성공,,도화도르- 사주팔자 쉽게 풀어주는 남자,"[사주]작년에 난리난 26년 사주 연애운 캘린더📅l월별로 정리한 연애운, 이성운, 이별운 특징(부부궁합 및 모든 일간, 일지별 총정리💞)",20260421,51:17,,44,32593,https://www.youtube.com/watch?v=a3qufG3oEug
84,J6yMBhXevK8,성공,,도화도르- 사주팔자 쉽게 풀어주는 남자,"[사주] 토 있는 사주, 화개살 사주가 사업운, 재물복으로 연결되는 이유ㅣ토 사주는 결국 돈을 많이 법니다",20250811,20:59,,17,11862,https://www.youtube.com/watch?v=J6yMBhXevK8
85,5nHIVlZcpdA,성공,,도화도르- 사주팔자 쉽게 풀어주는 남자,[사주] 요즘 시대엔 특정 오행이 없는 사주가 더 큰 기회를 가집니다ㅣ요즘 잘 풀리는 사주 특징과 보는법👀,20251114,33:41,,27,19446,https://www.youtube.com/watch?v=5nHIVlZcpdA
86,wWFGPqEbinc,성공,,도화도르- 사주팔자 쉽게 풀어주는 남자,[사주] 혼자 살면 오히려 좋은 사주팔자 유형 총정리👍ㅣ결혼 늦게 하는 사주가 인생이 풀리는 이유 (ft.오행별 특징),20251120,25:16,,38,14834,https://www.youtube.com/watch?v=wWFGPqEbinc
87,Q69NMW8ceEc,성공,,도화도르- 사주팔자 쉽게 풀어주는 남자,[사주] 2027년 붉은 양의 해 미리보는 운세 리딩법⭐ㅣ만세력으로 쉽게 보는 내 인생 시나리오(구체적으로 어떻게 풀릴지 확인하는 법),20260618,25:04,,21,15178,https://www.youtube.com/watch?v=Q69NMW8ceEc
88,nNuYJ3WYNIU,성공,,도화도르- 사주팔자 쉽게 풀어주는 남자,내 사주팔자 아래 줄에 숨겨진 나의 진짜 재능과 무기ㅣ지지로 보는 인생 반전카드 🃝🃞,20250622,19:14,,17,11165,https://www.youtube.com/watch?v=nNuYJ3WYNIU
89,rXNlPbwUt3Q,성공,,도화도르- 사주팔자 쉽게 풀어주는 남자,[사주] 이재명 후보의 사주풀이와 대통령 당선 시 대한민국의 변화 예측🗳️🇰🇷 (놀라운 일들이 기다리고 있다..?),20250526,19:56,,16,11119,https://www.youtube.com/watch?v=rXNlPbwUt3Q
90,MKn_My9P2_s,성공,,도화도르- 사주팔자 쉽게 풀어주는 남자,"[사주] 금 많은 사주, 경금, 신금일간 26년 신년운세 및 기대되는 좋은 일들 (유형별 자세한 정리🪨💎)",20260122,43:28,,37,25139,https://www.youtube.com/watch?v=MKn_My9P2_s
91,obnysj4TEv8,성공,,도화도르- 사주팔자 쉽게 풀어주는 남자,[사주] 2026년 월별로 자세하게 정리한 재물운💸ㅣ알아두면 큰돈 잡을 기회 있는 금전운 캘린더 (26년 재물운 2탄),20260219,1:02:09,,52,38248,https://www.youtube.com/watch?v=obnysj4TEv8
92,1mRtMD6TXQg,성공,,도화도르- 사주팔자 쉽게 풀어주는 남자,"[사주] 2026년 이성운, 연애운 좋은 사주💖ㅣ병오년 도파민 연애 시대, 올해 연애운 좋은 일간·일지 총정리",20260410,24:58,,46,15514,https://www.youtube.com/watch?v=1mRtMD6TXQg
93,Hdn_wEMauGQ,성공,,도화도르- 사주팔자 쉽게 풀어주는 남자,"[사주] 불이 많은 사주, 병화, 정화일간에게 생길 26년 좋은 일들과 26년 신년운세 (유형별 자세한 정리☀️🌙🔥)",20260108,43:06,,37,25304,https://www.youtube.com/watch?v=Hdn_wEMauGQ
94,nygIAOJA5nw,성공,,도화도르- 사주팔자 쉽게 풀어주는 남자,사주로 본 뉴진스 계속 활동할 수 있을까?ㅣ사주로 보면 더 소름돋는 민희진과 뉴진스의 관계성😨,20240605,15:23,,19,8691,https://www.youtube.com/watch?v=nygIAOJA5nw
95,GY_jTMvvxL0,성공,,도화도르- 사주팔자 쉽게 풀어주는 남자,"[사주] 토 많은 사주, 무토, 기토일간 26년 신년운세 및 기대되는 좋은 일들 (유형별 자세한 정리🟡)",20260114,47:03,,42,27989,https://www.youtube.com/watch?v=GY_jTMvvxL0
96,UqPE99sviz0,성공,,도화도르- 사주팔자 쉽게 풀어주는 남자,[사주] 26년부터 홍염살 사주가 도화살보다 강력하게 발현됩니다ㅣ홍염살 사주 추천 개운법🌺,20251214,15:16,,12,8118,https://www.youtube.com/watch?v=UqPE99sviz0
97,VSuNGpYP_RM,성공,,도화도르- 사주팔자 쉽게 풀어주는 남자,"[사주] 나는 언제 잘될까? 내 사주 화개살이 발현되는 시기, 년도 보는 법ㅣ진짜 강력한 '화개살'의 조건💫",20250718,13:47,,12,7972,https://www.youtube.com/watch?v=VSuNGpYP_RM
98,UGiCEV6yYug,성공,,도화도르- 사주팔자 쉽게 풀어주는 남자,"[사주] 25년 상반기부터 27년까지 '특급' 좋은 사주 4가지 완벽 분석☯️ㅣ60년만에 온 화의 시대, 이런 것들이 좋아집니다",20250517,16:59,,15,10127,https://www.youtube.com/watch?v=UGiCEV6yYug
99,GvtNBLn6_Ik,성공,,STUDIO CHOOM [스튜디오 춤],LE SSERAFIM(르세라핌) 'BOOMPALA' (4K) | MOVE TO PERFORMANCE,20260522,3:27,,3,1355,https://www.youtube.com/watch?v=GvtNBLn6_Ik
100,OQoGuu4D_gI,성공,,윤석종,"""하이닉스를 미국주식으로 사라고요...?"" 129만 경제 유튜버님, 사과 안하세요? (feat. 재파, 재테크 읽어주는파일럿)",20260711,16:13,,15,9864,https://www.youtube.com/watch?v=OQoGuu4D_gI
101,adbzlafaesU,성공,,엠뚜루마뚜루 : MBC 공식 종합 채널,[전참시] 한 번도 빛난 적 없었던 리센느의 향으로 온 세상을 물들여💗 | #리센느 #원이 #미나미 MBC260711방송,20260712,28:26,,79,10854,https://www.youtube.com/watch?v=adbzlafaesU
102,XkkEM40VwFo,성공,,BewhY,BewhY (비와이) - SOUTHSIDE FREESTYLE (Official Video),20260508,2:53,,9,1175,https://www.youtube.com/watch?v=XkkEM40VwFo
103,cz62--Of5dc,성공,,올스,[3분 HL] 8강 노르웨이 VS 잉글랜드 | KBS 260712 방송,20260712,3:50,,10,1723,https://www.youtube.com/watch?v=cz62--Of5dc
104,Apxi-9FfI3M,성공,,애슬레틱 라이프 Athletic Life,FIFA는 왜 21살 유튜버에게 월드컵을 맡겼을까?,20260712,8:26,,7,4582,https://www.youtube.com/watch?v=Apxi-9FfI3M
,jY6TCArL3hY,실패,멤버십 전용(접근 불가),,,,,,0,0,https://www.youtube.com/watch?v=jY6TCArL3hY
,I1ZESmsJ8l0,실패,멤버십 전용(접근 불가),,,,,,0,0,https://www.youtube.com/watch?v=I1ZESmsJ8l0
,yUZosfgYJdQ,실패,멤버십 전용(접근 불가),,,,,,0,0,https://www.youtube.com/watch?v=yUZosfgYJdQ
,FJMxMJkHhnA,실패,멤버십 전용(접근 불가),,,,,,0,0,https://www.youtube.com/watch?v=FJMxMJkHhnA
,qLIgOoA-hZ0,실패,멤버십 전용(접근 불가),,,,,,0,0,https://www.youtube.com/watch?v=qLIgOoA-hZ0
,4UOFq6XHt60,실패,멤버십 전용(접근 불가),,,,,,0,0,https://www.youtube.com/watch?v=4UOFq6XHt60
,74G_oLUOadU,실패,멤버십 전용(접근 불가),,,,,,0,0,https://www.youtube.com/watch?v=74G_oLUOadU
,P6Ai83qwPJo,실패,멤버십 전용(접근 불가),,,,,,0,0,https://www.youtube.com/watch?v=P6Ai83qwPJo
,onBX2HMx0d4,실패,멤버십 전용(접근 불가),,,,,,0,0,https://www.youtube.com/watch?v=onBX2HMx0d4
,t8LY1Y9Nntg,실패,멤버십 전용(접근 불가),,,,,,0,0,https://www.youtube.com/watch?v=t8LY1Y9Nntg
105,2GJfWMYCWY0,성공,,BLACKPINK,BLACKPINK - ‘GO’ M/V,20260227,3:21,,22,797,https://www.youtube.com/watch?v=2GJfWMYCWY0
106,abskiSwixec,성공,,마인드 명리,[2026년 7월 운세] 병오년 을미월 일간별 운세 완벽정리!,20260703,41:37,,48,20051,https://www.youtube.com/watch?v=abskiSwixec
107,7YJ_C9Yuoz4,성공,,ZUYONI TECH,애플 스디플 그돈씨? 160만원 더 싼 맥북 찰떡 모니터 등장?,20260210,15:22,,18,7254,https://www.youtube.com/watch?v=7YJ_C9Yuoz4
108,83C3TZ4Zm_o,성공,,SMTOWN,aespa 에스파 'LEMONADE' MV,20260529,3:11,,3,1991,https://www.youtube.com/watch?v=83C3TZ4Zm_o
109,ao7AymCB6uc,성공,,10 March,AI에 명운을 거는 국가들 | 반도체 투자의 핵심 리스크,20260712,10:27,,8,4740,https://www.youtube.com/watch?v=ao7AymCB6uc
110,TXPK9N0AEcY,성공,,[ALTUBE] 김성현TV,짬뽕 배달 와서 게임 빨리 끝낸다길래 공격 안 가고 1시간 동안 수비만 해봤습니다ㅋㅋ,20260711,49:44,,212,16299,https://www.youtube.com/watch?v=TXPK9N0AEcY
111,6D0CxKlD9Pw,성공,,MOONDONALD,구속될 각오로 올리는 영상입니다,20260708,25:57,,21,14774,https://www.youtube.com/watch?v=6D0CxKlD9Pw
112,DnT1933rvrE,성공,,"도원쌤의 치유TV(명리&명상, 운동)",내 사주에 숨겨진 부의 열쇠 | 식상생재란?,20250310,32:20,,176,10696,https://www.youtube.com/watch?v=DnT1933rvrE
113,sH22ypRpjf8,성공,,tvN SPORTS,[UFC] 니키타 크릴로프 vs 로버트 휘태커,20260712,15:34,,35,7210,https://www.youtube.com/watch?v=sH22ypRpjf8
114,CQAoatYfCQk,성공,,쵸파 TV,진정한 조이보이 (원피스 1188화 스포),20260708,1:00,,1,485,https://www.youtube.com/watch?v=CQAoatYfCQk
115,aAZwwo-3GcM,성공,,짤비돌,르세라핌 붐팔라 공개 후 의문점,20260527,25,,5,32,https://www.youtube.com/watch?v=aAZwwo-3GcM
116,TI3PIiQyZZI,성공,,돌섬,레전드 엔딩으로 끝난 맥그리거 할로웨이 경기 결과,20260712,28,,1,292,https://www.youtube.com/watch?v=TI3PIiQyZZI
117,uvzD3CWbEAo,성공,,PpP,리센느 싸움 영상 유출됨   #미나미 #제나,20260609,29,,3,38,https://www.youtube.com/watch?v=uvzD3CWbEAo
118,PtZbfqDgIvY,성공,,삐팝,리센느 1위 직전 꺾어야한단 1군 아이돌? 에스파 레모네이드,20260617,18,,3,41,https://www.youtube.com/watch?v=PtZbfqDgIvY
119,dZs_cLHfnNA,성공,,HYBE LABELS,"LE SSERAFIM (르세라핌) ‘이브, 프시케 그리고 푸른 수염의 아내’ OFFICIAL M/V",20230523,3:48,,21,1314,https://www.youtube.com/watch?v=dZs_cLHfnNA
120,JJ84ZyVoH0o,성공,,Archive of Thought,제3의 눈이 열리면 벌어지는 일 (칼융과 차크라),20260426,17:45,,208,6707,https://www.youtube.com/watch?v=JJ84ZyVoH0o
121,4rKeGsHa0lE,성공,,VirginSnow0101,241117 KGMA 윈터 winter 에스파 aespa Whiplash 4K 60 직캠,20241122,3:41,,21,142,https://www.youtube.com/watch?v=4rKeGsHa0lE
122,2NVrg-umX84,성공,,JTBC Sports,[3분 하이라이트] 8강 노르웨이 VS 잉글랜드｜2026 FIFA 북중미 월드컵,20260712,4:06,,22,1300,https://www.youtube.com/watch?v=2NVrg-umX84
123,RoDm_p9lZRE,성공,,올스,[3분 HL] 8강 아르헨티나 VS 스위스 | KBS 260712 방송,20260712,3:41,,9,1557,https://www.youtube.com/watch?v=RoDm_p9lZRE
124,_hjMxDrak-U,성공,,JTBC News,[하이라이트] 아르헨티나 : 스위스 | 2026 북중미 월드컵 8강｜지금 월드컵,20260712,4:17,,20,1468,https://www.youtube.com/watch?v=_hjMxDrak-U
125,59ZSlonVGOo,성공,,올스,[3분 HL] 8강 스페인 VS 벨기에 | KBS 260711 방송 [유료광고포함],20260711,3:45,,9,1476,https://www.youtube.com/watch?v=59ZSlonVGOo
126,KQRG9KvLjSk,성공,,KBS News,[하이라이트] 8강 프랑스 vs 모로코 / KBS 2026.07.10.,20260710,3:38,,6,1588,https://www.youtube.com/watch?v=KQRG9KvLjSk
127,ODZBXHGOt84,성공,,올스,VAR 도입한 이유.mp4 (잡았다 요놈!) 8강 아르헨티나 vs 스위스,20260712,3:01,,9,1267,https://www.youtube.com/watch?v=ODZBXHGOt84
128,raSgQTSzoAo,성공,,JTBC News,[하이라이트] 프랑스 : 모로코 | 2026 북중미 월드컵 8강｜지금 월드컵,20260710,4:09,,9,1570,https://www.youtube.com/watch?v=raSgQTSzoAo
129,TsXTxYrFzFU,성공,,JTBC Sports,[3분 하이라이트] 8강 프랑스 VS 모로코｜2026 FIFA 북중미 월드컵,20260710,4:05,,14,1654,https://www.youtube.com/watch?v=TsXTxYrFzFU
130,HNAAyIm-1Qo,성공,,JTBC News,"""자 드가자~"" 좌 파레데스 우 데폴 메시 오늘도 압도적인 등장씬｜지금 월드컵",20260712,3:25,,3,972,https://www.youtube.com/watch?v=HNAAyIm-1Qo
,nbOXfQSORi8,실패,자막 없음(한국어 자막 미제공),JTBC News,"왼발로 넣고 오른발로 넣고, 벨링엄 혼자 다 했다...잉글랜드, 노르웨이 꺾고 4강행｜지금 월드컵",20260712,1:31,,0,0,https://www.youtube.com/watch?v=nbOXfQSORi8
131,LO0NEY67RAs,성공,,JTBC Sports,[3분 하이라이트] 8강 스페인 VS 벨기에｜2026 FIFA 북중미 월드컵,20260711,4:04,,15,1452,https://www.youtube.com/watch?v=LO0NEY67RAs
132,1wKAbEVTjv4,성공,,JTBC News,"메시 첫 터치, 손도 못 댔다…축구팬 열광한 '명품 개인기' 모음 / JTBC 뉴스룸",20260709,1:57,,2,706,https://www.youtube.com/watch?v=1wKAbEVTjv4
133,0mZbb67cJ-U,성공,, YTN,[자막뉴스] 이란 본토 대폭격 시작한 미국...물 건너간 종전 / YTN,20260712,2:13,,2,838,https://www.youtube.com/watch?v=0mZbb67cJ-U
134,wwpzUWYVlIE,성공,,인투더TV,【스타1 vs 스타2 명경기】스타1 VS 스타2 신규패치가 적용!!? 진짜 미친 명경기 : Cure/김도욱 vs Solar/강민수 #Starcraft2 SC Evo Complete,20260712,1:02:57,,287,19491,https://www.youtube.com/watch?v=wwpzUWYVlIE
135,y0UjNHtNpvw,성공,,포스텔러 FORCETELLER,내 사주는 타고난 기쎈 사주일까?👿 기쎈 사주는 평소에 '이렇게' 행동합니다👊 (ft.3대 흉살) | 금사빠 EP.33,20241216,11:16,,11,5734,https://www.youtube.com/watch?v=y0UjNHtNpvw
136,62e69Bz7-ww,성공,,Trade King Kang,2. 자유에 진심인 나라의 방향성 (미국 독립기념일 연설),20260707,12:40,,11,7963,https://www.youtube.com/watch?v=62e69Bz7-ww
137,4lGGG-y42EY,성공,,포스텔러 FORCETELLER,🌊일주별 해석 [수]편💦 - 임수&계수의 모든 것🌟 | 라이브 하이라이트,20250929,39:35,,60,18763,https://www.youtube.com/watch?v=4lGGG-y42EY
138,z89FlpMnqp8,성공,,운쏠 | 사주로 보는 상위 1% 운세 쏠루션,2026년 계수일간에게 가장 알찬 영상 | 병오년 신년운세,20260214,11:00,,8,5336,https://www.youtube.com/watch?v=z89FlpMnqp8
139,7e86ERJmt5o,성공,,ホントの明日教えてよ、目覚めたてのラディオ,[StarArticle Audible] 2026-07-11 오늘의 호토토기스,20260711,1:02,,1,385,https://www.youtube.com/watch?v=7e86ERJmt5o
140,ekBG8hc32Lo,성공,,엠뚜루마뚜루 : MBC 공식 종합 채널,[전참시] 3년 만에 LOVE ATTACK 역주행 차트 1위🥳 중소의 기적 리센느 숙소 최초 공개🩷 | #리센느 #원이 #미나미 MBC260711방송,20260712,29:21,,88,10713,https://www.youtube.com/watch?v=ekBG8hc32Lo
141,ImJ8ARLH6cg,성공,,Sound Sound Daniel,’이런 말’을 자주하는 여성과는 절대 결혼하지 마세요 | 다니엘의 티타임 19화,20260712,16:47,,13,8933,https://www.youtube.com/watch?v=ImJ8ARLH6cg
142,zFgTCU1HF1w,성공,,도화도르- 사주팔자 쉽게 풀어주는 남자,"[사주] 7월운세ㅣ분량 조절 실패지만 그만큼 알아두면 좋은 기회가 많은 을미월 운세(특히 연애, 커리어⭐)",20260701,1:32:52,,82,58516,https://www.youtube.com/watch?v=zFgTCU1HF1w
143,9XttLI0oH0I,성공,,RESCENE,RESCENE (리센느) ‘LOVE ATTACK’ Official MV,20240827,3:17,,22,272,https://www.youtube.com/watch?v=9XttLI0oH0I
144,ptrGHOngF_E,성공,,Martian Lil Doge,영포티레인저 : 굿다이노포스,20260712,3:47,,14,626,https://www.youtube.com/watch?v=ptrGHOngF_E
145,VtI5Og0ktok,성공,,Trade King Kang,노예가 된 진짜 이유 (선데이 스쿨),20260711,21:44,,21,14848,https://www.youtube.com/watch?v=VtI5Og0ktok
146,OMtnPc_jaGo,성공,,도화도르- 사주팔자 쉽게 풀어주는 남자,"[사주] 수 많은 사주, 임수, 계수일간 26년 신년운세 및 기대되는 좋은 일들 (유형별 자세한 정리🌊💧)",20260128,37:04,,35,22632,https://www.youtube.com/watch?v=OMtnPc_jaGo
147,3RwqFxM2Ews,성공,,KBS News,[하이라이트] 8강 노르웨이 vs 잉글랜드 / KBS 2026.07.12.,20260712,3:51,,10,1700,https://www.youtube.com/watch?v=3RwqFxM2Ews
148,cewJ4bk6_Hc,성공,,초코서당(초명),귀문관은 어쩌면 천재일지도...?,20240412,24:51,,53,11045,https://www.youtube.com/watch?v=cewJ4bk6_Hc
149,hLvWy2b857I,성공,,HYBE LABELS,LE SSERAFIM (르세라핌) 'Perfect Night' OFFICIAL M/V with OVERWATCH 2,20231027,3:02,,16,740,https://www.youtube.com/watch?v=hLvWy2b857I
150,jLYxdnzdNfE,성공,,요런시점 movie,🌵《듄 파트3》 2차 예고편 세계관 심층분석ㅣ원작과 얼마나 달라질까?,20260710,14:42,,88,6787,https://www.youtube.com/watch?v=jLYxdnzdNfE
151,lBKEpXwtpkQ,성공,,[ALTUBE] 김성현TV,알파고를 가볍게 9분 컷 시키면서 수준에 맞게 난이도 조절해 준다고 조롱하는 의문의 초고수 상대ㄷㄷ 도대체 누군걸까..?,20260705,59:29,,388,14275,https://www.youtube.com/watch?v=lBKEpXwtpkQ
152,n_Iqp5bhvtY,성공,,포스텔러 FORCETELLER,사주로 바보🤪 여우🦊 구별하는 법 | 라이브 하이라이트,20260330,19:14,,17,10641,https://www.youtube.com/watch?v=n_Iqp5bhvtY
153,yf_wpcH3Diw,성공,,흑우스토리,'중소신화' 끝났다 중소 아이돌 차가운 현실,20260711,12:12,,10,7194,https://www.youtube.com/watch?v=yf_wpcH3Diw
154,ADK7WqK4d1Y,성공,,도화도르- 사주팔자 쉽게 풀어주는 남자,[사주] 좋은 꿈 중 특히 길몽은 이런 꿈이예요🎉ㅣ26년차 만신이 알려주는 가장 강력한 길몽 & 재물몽 케이스별 총정리 (ft.운명전쟁49 권수진 만신),20260509,56:13,,59,32312,https://www.youtube.com/watch?v=ADK7WqK4d1Y
155,HFNZmoinSmQ,성공,,도화도르- 사주팔자 쉽게 풀어주는 남자,[사주] 2026년 일간별 취업·시험합격 좋은 달ㅣ내 사주에 맞는 최적의 시기와 29년까지 유망 분야(진로운 2탄),20260323,33:09,,30,21228,https://www.youtube.com/watch?v=HFNZmoinSmQ
156,79K-rIkJSNU,성공,,도화도르- 사주팔자 쉽게 풀어주는 남자,[사주] 26년 시험·취업·이직 유리한 사주 9가지 완벽 분석ㅣ내 사주에 맞는 직업과 진로운 트이는 시기 보는법(26년 진로운 1탄☯️),20260316,21:38,,19,13085,https://www.youtube.com/watch?v=79K-rIkJSNU
157,9w_nPKVm8Bk,성공,,도화도르- 사주팔자 쉽게 풀어주는 남자,[사주] 26년 재물운이 극적으로 달라지는 사람들 사주 유형별 총정리💰ㅣ병오년 재물운 키워드 5가지 + 일간별 완벽 정리(1부),20260210,24:49,,21,14924,https://www.youtube.com/watch?v=9w_nPKVm8Bk
158,97xRBoAAij0,성공,,도화도르- 사주팔자 쉽게 풀어주는 남자,[사주] 진짜 쉽게 설명해주는 만세력으로 혼자 사주보기(1탄),20250619,17:36,,16,10512,https://www.youtube.com/watch?v=97xRBoAAij0
159,BoP0bxW3XAo,성공,,도화도르- 사주팔자 쉽게 풀어주는 남자,[사주] 왕초보도 쉽게 내 사주 보는 법 1탄ㅣ일간으로 보는 내 장점 & 타고난 복,20230319,26:39,,24,14176,https://www.youtube.com/watch?v=BoP0bxW3XAo
160,4-TZbMZVpdQ,성공,,도화도르- 사주팔자 쉽게 풀어주는 남자,내 사주에 해당하는 동물?ㅣ일지로 보는 내 사주 해석방법,20230714,29:17,,28,16444,https://www.youtube.com/watch?v=4-TZbMZVpdQ
161,uzZjlpOzAX4,성공,,도화도르- 사주팔자 쉽게 풀어주는 남자,내 사주팔자 보는 법은 이 방법이 가장 쉽고 정확합니다ㅣ쉽게 따라해보기,20210917,10:52,,9,5851,https://www.youtube.com/watch?v=uzZjlpOzAX4
162,gDDyZkXcfpI,성공,,도화도르- 사주팔자 쉽게 풀어주는 남자,내 사주에 특정 오행이 많을 때 대박나는 법✨사주에 같은 색이 최소 2~3개 이상일 때,20220623,40:48,,31,22436,https://www.youtube.com/watch?v=gDDyZkXcfpI
163,GjTshpZWY5E,성공,,도화도르- 사주팔자 쉽게 풀어주는 남자,[사주] 7월운세 - 이번 달부터 치고 나가는 사람들 🆕️260701,20260630,1:03,,1,566,https://www.youtube.com/watch?v=GjTshpZWY5E
164,Aks01uMljX4,성공,,도화도르- 사주팔자 쉽게 풀어주는 남자,"[사주] 6월부터 시작되는 하반기 운, 상반기와는 크게 달라집니다ㅣ일간별 26년 하반기 첫단추 잘 꿰는법",20260531,1:29:01,,78,54222,https://www.youtube.com/watch?v=Aks01uMljX4
,z2qCI8DZa28,실패,자막 없음(한국어 자막 미제공),도화도르- 사주팔자 쉽게 풀어주는 남자,"[사주] 5월운세ㅣ26년 운기가 가장 강한 5월, 내 사주에 생길 좋은 일과 조심할 일(일간별 총정리)",20260501,1:13:00,,0,0,https://www.youtube.com/watch?v=z2qCI8DZa28
165,U2lkItDJ4kE,성공,,도화도르- 사주팔자 쉽게 풀어주는 남자,"[사주] 4월운세ㅣ지금부터 5월 말까지 좋은 사주, 유의해야하는 사주(사주별 개운법 및 비방법🌟)",20260401,1:29:06,,80,55793,https://www.youtube.com/watch?v=U2lkItDJ4kE
166,6ljooVVZpps,성공,,도화도르- 사주팔자 쉽게 풀어주는 남자,[사주] 3월운세ㅣ26년 새로운 좋은 흐름이 시작되는 사람들(일간별 정리),20260304,1:20:47,,74,49741,https://www.youtube.com/watch?v=6ljooVVZpps
167,C1_8B9XOAeg,성공,,도화도르- 사주팔자 쉽게 풀어주는 남자,[사주] 26년 2월운세🐯ㅣ올해 병오년 시작이 꽤 좋은 사람들 + 일간별 중요한 포인트 짚은 이번 달 운세🌟,20260131,1:25:08,,73,52067,https://www.youtube.com/watch?v=C1_8B9XOAeg
168,fblqpRXNgUk,성공,,도화도르- 사주팔자 쉽게 풀어주는 남자,[사주] 25년 12월운세🐭ㅣ26년 운세까지 스포했더니 분량조절 실패했습니다..💬(1년간 감사했습니다!),20251129,1:47:09,,90,62445,https://www.youtube.com/watch?v=fblqpRXNgUk
169,aEoXEt1Dc0I,성공,,도화도르- 사주팔자 쉽게 풀어주는 남자,[사주] 11월운세ㅣ2025년이 내게 주고 떠나는 마지막 좋은 운과 기회ㅣ 정해월 일간별 운세 완벽정리✨,20251029,1:18:54,,128,45468,https://www.youtube.com/watch?v=aEoXEt1Dc0I
170,PVaGLhG3cR4,성공,,도화도르- 사주팔자 쉽게 풀어주는 남자,[사주]10월 운세가 좋은 사람은 26년 역시 유리합니다🫧ㅣ일간별 26년을 위해 미리 시작해야하는 것들✨(+New 운세 콘텐츠),20250927,1:14:37,,67,45025,https://www.youtube.com/watch?v=PVaGLhG3cR4
,6mM3TmvcLKU,실패,멤버십 전용(접근 불가),,,,,,0,0,https://www.youtube.com/watch?v=6mM3TmvcLKU
,FBGU4nJieME,실패,멤버십 전용(접근 불가),,,,,,0,0,https://www.youtube.com/watch?v=FBGU4nJieME
,HbfDN7ixAz4,실패,멤버십 전용(접근 불가),,,,,,0,0,https://www.youtube.com/watch?v=HbfDN7ixAz4
,roTt1E0P4hI,실패,멤버십 전용(접근 불가),,,,,,0,0,https://www.youtube.com/watch?v=roTt1E0P4hI
,Rc24FhNWO48,실패,멤버십 전용(접근 불가),,,,,,0,0,https://www.youtube.com/watch?v=Rc24FhNWO48
,5N8Nmdzbmv0,실패,멤버십 전용(접근 불가),,,,,,0,0,https://www.youtube.com/watch?v=5N8Nmdzbmv0
171,iGUblr7Ts38,성공,,도화도르- 사주팔자 쉽게 풀어주는 남자,"[사주] 내가 가진 도화살 종류별 매력 포인트, 장점+ 내 도화살이 발휘되는 년도(+떡상년도🌺)",20230217,22:39,,22,11524,https://www.youtube.com/watch?v=iGUblr7Ts38
172,JchNg3hnHtw,성공,,도화도르- 사주팔자 쉽게 풀어주는 남자,"화개살 사주 잘 맞는 직업과 글자별 매력, 잘 되는 시기(꿀팁주의😜)",20230209,23:24,,23,12223,https://www.youtube.com/watch?v=JchNg3hnHtw
173,5FicObGJHlY,성공,,도화도르- 사주팔자 쉽게 풀어주는 남자,[사주] 내가 결국 만나게 될 이성은 어떤 사람? ㅣ셀프 연애운 테스트 1탄(배우자 모습),20230223,18:42,,16,10537,https://www.youtube.com/watch?v=5FicObGJHlY
174,7UPOzS4oJms,성공,,도화도르- 사주팔자 쉽게 풀어주는 남자,[사주] MBTI보다 정확한 썸남썸녀의 연애 스타일 & 유형별 공략법❤️+)연애 시 발현되는 내 매력? (연애운 테스트 2탄),20230304,19:24,,19,11218,https://www.youtube.com/watch?v=7UPOzS4oJms
175,TSyBimyglxQ,성공,,도화도르- 사주팔자 쉽게 풀어주는 남자,도화살보다 더 눈에 띄는 홍염살 사주 테스트 및 활용법(홍염살 들어오는 년도),20230204,15:10,,15,8290,https://www.youtube.com/watch?v=TSyBimyglxQ
176,S--sJwiLI6M,성공,,도화도르- 사주팔자 쉽게 풀어주는 남자,"사주별 외모, 분위기 특징 총정리 ㅣ 나랑 찰떡인 매력과 스타일은 따로 있습니다(셀프브랜딩)",20230609,14:31,,16,7474,https://www.youtube.com/watch?v=S--sJwiLI6M
177,S8WRMGzni0k,성공,,도화도르- 사주팔자 쉽게 풀어주는 남자,사주팔자 보는 법 ㅣ비견 겁재가 사주에 1개라도 있다면..,20220428,18:26,,15,10950,https://www.youtube.com/watch?v=S8WRMGzni0k
178,tIjb3ZaKh7c,성공,,도화도르- 사주팔자 쉽게 풀어주는 남자,사주팔자 보는 법 ㅣ식신 상관이 사주에 1개라도 있을 때,20220504,20:59,,17,12387,https://www.youtube.com/watch?v=tIjb3ZaKh7c
179,Akl_furFk7k,성공,,도화도르- 사주팔자 쉽게 풀어주는 남자,사주 보는 법 ㅣ 편재 정재가 사주에 1개라도 있으면 생기는 좋은 일,20220508,23:37,,20,14257,https://www.youtube.com/watch?v=Akl_furFk7k
180,Q7TbralZp5w,성공,,도화도르- 사주팔자 쉽게 풀어주는 남자,사주에 편관 정관이 있을 때 좋은 점과 활용법ㅣ편관운 올 때 내가 겪은 소름 썰😨,20220514,23:12,,19,14142,https://www.youtube.com/watch?v=Q7TbralZp5w
181,oE_5Lruwe30,성공,,도화도르- 사주팔자 쉽게 풀어주는 남자,내 사주 보는 법 ㅣ편인 정인이 사주에 있을 때 대박나는 법💡,20220526,24:21,,20,14992,https://www.youtube.com/watch?v=oE_5Lruwe30
182,L1FB3EWqkrw,성공,,도화도르- 사주팔자 쉽게 풀어주는 남자,사주에 목이나 화가 있으면 대박나는 직업ㅣ사주로 보는 유리한 분야 찾는 법,20221207,10:04,,10,4430,https://www.youtube.com/watch?v=L1FB3EWqkrw
183,6UZ1yJCucA0,성공,,도화도르- 사주팔자 쉽게 풀어주는 남자,내 도화살 치명적으로 쓰는 비법ㅣ내 사주에 있는 도화살 종류 파악 및 유형별 200% 활용법 총정리,20200722,9:40,,116,5178,https://www.youtube.com/watch?v=6UZ1yJCucA0
184,nBYU5N6MIVM,성공,,도화도르- 사주팔자 쉽게 풀어주는 남자,내 화개살 치명적으로 쓰는 비법ㅣ도화살&홍염살과 차이점ㅣ화개살 사주 특징 + 성공 방법 총정리,20200819,10:53,,127,5522,https://www.youtube.com/watch?v=nBYU5N6MIVM
185,A7MwVr95OvA,성공,,도화도르- 사주팔자 쉽게 풀어주는 남자,나는 기센 사람일까? 내가 타고난 기 테스트 방법 & 기 센 사람 특징 총정리,20200512,6:31,,77,3215,https://www.youtube.com/watch?v=A7MwVr95OvA
186,d79uykAeN8E,성공,,도화도르- 사주팔자 쉽게 풀어주는 남자,내 홍염살 치명적으로 활용하는 법🔥ㅣ홍염살 사주 특징과 홍염살 관상의 모든 것ㅣ홍염살 조심할 점 + 성공 방법 총정리,20200913,17:19,,206,9136,https://www.youtube.com/watch?v=d79uykAeN8E
187,sIdlhPO2Ado,성공,,도화도르- 사주팔자 쉽게 풀어주는 남자,무속인도 사주 볼 때 긴장하는백호대살ㅣ가장 위험한데 순식간에 큰 부자되는 사주 특징(Ft.이건희 회장),20201028,14:34,,162,7077,https://www.youtube.com/watch?v=sIdlhPO2Ado
188,sGZhl-HQTKA,성공,,도화도르- 사주팔자 쉽게 풀어주는 남자,소름 돋는 역마살 테스트😀사주팔자에 역마살 있는 사람들의 대박나는 공식(인생이 바뀜),20201119,14:21,,160,6597,https://www.youtube.com/watch?v=sGZhl-HQTKA
189,iutB4e0Aq5g,성공,,도화도르- 사주팔자 쉽게 풀어주는 남자,역대 대통령 사주와 많이 다른 신기한 윤석열 사주ㅣ윤 대통령 사주 해석과 정권 흐름 예측(2년전 예언),20220324,18:46,,15,10974,https://www.youtube.com/watch?v=iutB4e0Aq5g
190,m7cf9FYk0Jw,성공,,도화도르- 사주팔자 쉽게 풀어주는 남자,큰 돈 들어오는 꿈? 3개월 내에 큰 돈을 벌게 되는 재물몽 총정리ㅣ그냥 넘기면 날라가는 재물몽 3가지,20210715,8:26,,99,4318,https://www.youtube.com/watch?v=m7cf9FYk0Jw
191,MtP9MSn9hl4,성공,,도화도르- 사주팔자 쉽게 풀어주는 남자,[사주] 계엄령 이후 심상치 않은 25년 국운과 윤석열 대통령의 미래,20241213,12:58,,24,7146,https://www.youtube.com/watch?v=MtP9MSn9hl4
192,jxoxkl1WZHM,성공,,도화도르- 사주팔자 쉽게 풀어주는 남자,하늘이 작정하고 돕는 사주 특징과 나타나는 현상 및 징조👍ㅣ내 사주 속 귀인 종류와 유형별 특징 활용법,20200930,13:21,,166,6927,https://www.youtube.com/watch?v=jxoxkl1WZHM
193,kKsivrgoyDw,성공,,HYBE LABELS,NewJeans (뉴진스) 'Cool With You' Official MV (Performance ver.),20230720,2:28,,10,792,https://www.youtube.com/watch?v=kKsivrgoyDw
194,3VTkBuxU4yk,성공,,League of Legends,"K/DA - MORE ft. Madison Beer, (G)I-DLE, Lexie Liu, Jaira Burns, Seraphine (Official Music Video)",20201028,3:51,,13,2034,https://www.youtube.com/watch?v=3VTkBuxU4yk
195,Os_heh8vPfs,성공,,SMTOWN,aespa 에스파 'Spicy' MV,20230508,3:24,,12,1738,https://www.youtube.com/watch?v=Os_heh8vPfs
196,phuiiNCxRMg,성공,,SMTOWN,aespa 에스파 'Supernova' MV,20240513,3:13,,17,1208,https://www.youtube.com/watch?v=phuiiNCxRMg
197,M2WTUoy4y6E,성공,,SMTOWN,aespa 에스파 'Dirty Work' MV,20250627,3:09,,3,2162,https://www.youtube.com/watch?v=M2WTUoy4y6E
198,WAUSsfU00L0,성공,,STUDIO CHOOM [스튜디오 춤],LE SSERAFIM(르세라핌) 'SPAGHETTI' (4K) | STUDIO CHOOM ORIGINAL,20251025,2:40,,4,1135,https://www.youtube.com/watch?v=WAUSsfU00L0
199,7-2n8booJYY,성공,,초코서당(초명),초코명리 멤버십 소개,20240307,3:49,,5,1732,https://www.youtube.com/watch?v=7-2n8booJYY
200,NbuyCF9jRn4,성공,,초코서당(초명),식상은 독이 든 성배다,20260710,25:11,,19,12428,https://www.youtube.com/watch?v=NbuyCF9jRn4
201,PtxDCBcBNhM,성공,,초코서당(초명),자신이 죽는 날짜가 사주에 나와있다고?,20260626,22:47,,16,11641,https://www.youtube.com/watch?v=PtxDCBcBNhM
202,fCLH1u1mxtk,성공,,초코서당(초명),사주를 풀이하는 일반적인 순서와 방법,20211224,28:28,사주를 풀이하는 순서와 방법,25,15161,https://www.youtube.com/watch?v=fCLH1u1mxtk
203,0lb2zWOuMII,성공,,초코서당(초명),"사주로 보는 을사년 백종원의 위기, 인사신 삼형과 삼합이 동시에?",20250627,21:17,,16,11021,https://www.youtube.com/watch?v=0lb2zWOuMII
204,6ZUIwj3FgUY,성공,,STARSHIP,IVE 아이브 'I AM' MV,20230410,3:05,,27,824,https://www.youtube.com/watch?v=6ZUIwj3FgUY
,ekr2nIex040,실패,자막 없음(한국어 자막 미제공),ROSÉ,ROSÉ & Bruno Mars - APT. (Official Music Video),20241018,2:53,,0,0,https://www.youtube.com/watch?v=ekr2nIex040
205,nFYwcndNuOY,성공,,SMTOWN,aespa 에스파 'Armageddon' MV,20240527,3:33,,8,1522,https://www.youtube.com/watch?v=nFYwcndNuOY
206,2iK3ccCsI6s,성공,,SMTOWN,aespa エスパ 'Hot Mess' MV,20240703,3:27,,11,1172,https://www.youtube.com/watch?v=2iK3ccCsI6s
,UOxkGD8qRB4,실패,자막 없음(한국어 자막 미제공),League of Legends,"K/DA - POP/STARS (ft. Madison Beer, (G)I-DLE, Jaira Burns) | Music Video - League of Legends",20181103,3:23,,0,0,https://www.youtube.com/watch?v=UOxkGD8qRB4
207,2VAKcz9W4WM,성공,,STUDIO CHOOM [스튜디오 춤],LE SSERAFIM(르세라핌) 'HOT' (4K) | STUDIO CHOOM ORIGINAL,20250315,2:54,,19,220,https://www.youtube.com/watch?v=2VAKcz9W4WM
208,EAAnf5KRcXY,성공,,tvN SPORTS,[UFC] 코너 맥그리거 vs 맥스 할로웨이,20260712,12:38,,44,4230,https://www.youtube.com/watch?v=EAAnf5KRcXY
209,kW816TER06A,성공,,[ALTUBE] 김성현TV,"합리적인 가격에 원하는 유닛을 사오기 위한 상대와의 치열한 눈치싸움 ""입찰 컨트롤""ㅋㅋ",20250928,27:22,,184,5536,https://www.youtube.com/watch?v=kW816TER06A
210,03bEv3v2bSk,성공,,흑백리뷰,오늘 출시한 우지 짜장라면 ㄷㄷ 이건 충격적입니다,20260708,2:08,,6,1010,https://www.youtube.com/watch?v=03bEv3v2bSk
211,rrMyqH18ddA,성공,,[ALTUBE] 김성현TV,맵 이름부터 심상치 않은 7인 졸~라 긴 입구 막기에 도전해 봤습니다ㅋㅋ,20250921,2:34:17,,941,29774,https://www.youtube.com/watch?v=rrMyqH18ddA
212,ItTc8_5Vh44,성공,,[ALTUBE] 김성현TV,시즈탱크가 사정거리 무한이라면!? [사정거리 무한 크래프트],20260711,19:11,,92,5364,https://www.youtube.com/watch?v=ItTc8_5Vh44
213,olGpmlwxYac,성공,,Channel A News (Korea),"'탈영 의혹' 안규백 병적 공개 거부에 한동훈 ""탈영보다 더한 내용 있나"" [뉴스플레이리스트] / 채널A",20260711,17:27,,22,8539,https://www.youtube.com/watch?v=olGpmlwxYac
214,agW3gtY6Huk,성공,,핸콕TV,최신화) 악마 그 자체라는 샹크스 형 샴록 근황 #원피스,20260622,1:45,,12,233,https://www.youtube.com/watch?v=agW3gtY6Huk
215,UqPsWntdd1U,성공,,프루스트,미나미가 얘기해주는 소속사와의 분쟁과 데뷔 이야기,20260618,58,,1,469,https://www.youtube.com/watch?v=UqPsWntdd1U
216,u_4OMBtthtY,성공,,ZUYONI TECH,맥북&맥미니 존버 끝내세요. “지금 아니면 못 산다”가 현실이 된 상황,20260519,10:39,,11,5215,https://www.youtube.com/watch?v=u_4OMBtthtY
217,Esq15Nk5lnU,성공,,올스,[3분 HL] 8강 프랑스 VS 모로코 | KBS 260710 방송,20260710,3:37,,5,1610,https://www.youtube.com/watch?v=Esq15Nk5lnU
218,fJq1vT_9BbU,성공,,KNN NEWS,"""보너스를 왜 상품권으로?"" 직장인들 발끈한 법안의 실체 / KNN",20260711,1:56,,2,814,https://www.youtube.com/watch?v=fJq1vT_9BbU
,7yMisDZugYQ,실패,자막 없음(한국어 자막 미제공),KBS Kpop,[뮤뱅 원테이크 4K] 아이브 (IVE) 'BLACKHOLE' 4K Bonus Ver. @뮤직뱅크 (Music Bank) 260227,20260227,3:42,,0,0,https://www.youtube.com/watch?v=7yMisDZugYQ
,DdKB1jQALPw,실패,자막 없음(한국어 자막 미제공),HDR VISION,4K HDR ULTRA HD 120 fps - Best of 8K Video - Dolby Vision,20250324,10:05,,0,0,https://www.youtube.com/watch?v=DdKB1jQALPw
,jtjVORGeGFg,실패,자막 없음(한국어 자막 미제공),Take A Deep Breath And Relax,Black Liquid  | 4K Ultra HD Engine Wallpaper & Screensaver - Black Wallpaper,20250609,2:03:55,,0,0,https://www.youtube.com/watch?v=jtjVORGeGFg
,2y2Z06hVmWE,실패,자막 없음(한국어 자막 미제공),Abao Vision,"2-HOUR Rainy Night Walk in Shibuya, Tokyo / 8K 60fps / Calm Piano",20250408,2:09:03,,0,0,https://www.youtube.com/watch?v=2y2Z06hVmWE
,Drc0SgoedMA,실패,자막 없음(한국어 자막 미제공),Flashu,[4K/60FPS] 선미(SUNMI) - 꼬리(TAIL),20211223,3:15,,0,0,https://www.youtube.com/watch?v=Drc0SgoedMA
,Rn89mUndYbo,실패,자막 없음(한국어 자막 미제공),Lady Gaga,LADY GAGA - ABRACADABRA (LIVE AT THE 2026 GRAMMYS),20260205,4:16,,0,0,https://www.youtube.com/watch?v=Rn89mUndYbo
,qORaYudQ7Zc,실패,자막 없음(한국어 자막 미제공),STUDIO CHOOM [스튜디오 춤],[BE ORIGINAL] LE SSERAFIM(르세라핌) 'ANTIFRAGILE' (4K),20221019,3:29,,0,0,https://www.youtube.com/watch?v=qORaYudQ7Zc
219,4Zp5j1fN9Xw,성공,,Night Sky Time Lapse,🚀 Journey Through the Cosmos in 4K HDR | 2-Hour Ambient Space Odyssey for Deep Relaxation 🌌,20250408,1:59:57,,105,1104,https://www.youtube.com/watch?v=4Zp5j1fN9Xw
,ICNKal4BIFI,실패,자막 없음(한국어 자막 미제공),Night Sky Time Lapse,🚀 Cosmic Stillness | 8-Hour Ambient Space Journey in 4K HDR,20250124,8:05:28,,0,0,https://www.youtube.com/watch?v=ICNKal4BIFI
220,eKfJ3y41RDU,성공,,DICKHUNTER🌶,"도쿄타워가 눈 앞에 보이는 고급 호텔 체험기🗼 (1박 150만원 이상, 오마카세, 볼링장, 실버 프린스)",20260711,50:05,,192,16894,https://www.youtube.com/watch?v=eKfJ3y41RDU
221,K7bPpghHj3Q,성공,,크랩 KLAB,‘제발 그만 좀 잡혀라’ 동해 어부들이 참치를 다시 버리는 이유｜크랩,20260711,5:36,,6,3125,https://www.youtube.com/watch?v=K7bPpghHj3Q
222,r5oAQkNvMGk,성공,,MUSINSA TV,🎀댓글 이벤트🎀 나의 계곡 아저씨 선민 삼촌과 함께한 1위 가수 리센느 원이 미나미의 첫 계곡 힐링기🍀 [성수기 스핀오프 EP.2],20260710,37:02,,90,16127,https://www.youtube.com/watch?v=r5oAQkNvMGk
223,KOO_2eh1VJQ,성공,,Real KIM,한국 축구에 투헬이 필요한 이유,20260708,13:52,,14,8760,https://www.youtube.com/watch?v=KOO_2eh1VJQ
224,DU-Ilbnjoz4,성공,,시민의 눈,"독일 잠수함 택하며 한국 들러리 세운 캐나다, 현대차 정의선의 참교육에 난리났다",20260709,54,,1,457,https://www.youtube.com/watch?v=DU-Ilbnjoz4
,IylGkAcEW2o,실패,자막 없음(한국어 자막 미제공),8K Paradise,EPIC 16K 120FPS VIDEO | BEST HDR Dolby Vision (8K/4K TV),20260711,1:29:46,,0,0,https://www.youtube.com/watch?v=IylGkAcEW2o
,MGTQLfn3kvE,실패,자막 없음(한국어 자막 미제공),5.1 Test & Clips,Peak Black 8K HDR Dolby Vision 1000FPS Atmos Music 5.1 Surround,20231215,2:36,,0,0,https://www.youtube.com/watch?v=MGTQLfn3kvE
,pBUlV7rZp_c,실패,자막 없음(한국어 자막 미제공),4K Video ULTRA HD,4K HDR Video ULTRA HD 120 FPS - Dolby Vision,20240416,12:01,,0,0,https://www.youtube.com/watch?v=pBUlV7rZp_c
225,C3GouGa0noM,성공,,League of Legends,GODS ft. NewJeans (뉴진스) (Official Music Video) | Worlds 2023 Anthem - League of Legends,20231004,4:15,,20,870,https://www.youtube.com/watch?v=C3GouGa0noM
226,B1ShLiq3EVc,성공,,STARSHIP,IVE 아이브 ‘XOXZ’ MV,20250825,2:38,,9,1373,https://www.youtube.com/watch?v=B1ShLiq3EVc
227,bMhDJ0S0OBA,성공,,HYBE LABELS,ILLIT (아일릿) ‘It’s Me’ Official MV,20260430,2:26,,7,1152,https://www.youtube.com/watch?v=bMhDJ0S0OBA
228,DYgE3SGPEqk,성공,,i-dle (아이들),i-dle (아이들) 'Mono (Feat. skaiwater)' Official Music Video,20260127,3:01,,23,889,https://www.youtube.com/watch?v=DYgE3SGPEqk
229,iTJSbJtS8MU,성공,,SMTOWN,aespa 에스파 'WDA (Whole Different Animal) (Feat. G-DRAGON)' MV,20260511,3:09,,7,2375,https://www.youtube.com/watch?v=iTJSbJtS8MU
230,F0B7HDiY-10,성공,,STARSHIP,IVE 아이브 'After LIKE' MV,20220822,3:01,,18,926,https://www.youtube.com/watch?v=F0B7HDiY-10
231,jOTfBlKSQYY,성공,,HYBE LABELS,NewJeans (뉴진스) 'ETA' Official MV,20230721,3:37,,16,1238,https://www.youtube.com/watch?v=jOTfBlKSQYY
,CgCVZdcKcqY,실패,자막 없음(한국어 자막 미제공),BLACKPINK,BLACKPINK - ‘뛰어(JUMP)’ M/V,20250711,3:13,,0,0,https://www.youtube.com/watch?v=CgCVZdcKcqY
232,38xYeot-ciM,성공,,STARSHIP,IVE 아이브 'ATTITUDE' MV,20250203,3:26,,23,1069,https://www.youtube.com/watch?v=38xYeot-ciM
233,g36q0ZLvygQ,성공,,STARSHIP,IVE 아이브 'REBEL HEART' MV,20250113,3:13,,23,1150,https://www.youtube.com/watch?v=g36q0ZLvygQ
234,1Lmy7qwmSMc,성공,,STARSHIP,IVE 아이브 'BLACKHOLE' MV,20260223,3:24,,14,1053,https://www.youtube.com/watch?v=1Lmy7qwmSMc
235,GU-26HelNgk,성공,,기몽초 ɢɪᴍᴏɴɢᴄʜᴏ,"𝐏𝐥𝐚𝐲𝐥𝐢𝐬𝐭 트렌드의 아이콘 뉴진스, 잔잔하며 풋풋한 뉴진스의 히트곡 모음 𝑵𝒆𝒘𝑱𝒆𝒂𝒏𝒔 𝑷𝒍𝒂𝒚𝒍𝒊𝒔𝒕",20240130,2:00:00,,763,9743,https://www.youtube.com/watch?v=GU-26HelNgk
236,4YuO8HXDvXo,성공,,뽀플리,| aespa PLAYLIST | 에스파 플레이리스트,20260601,1:28:58,,548,8968,https://www.youtube.com/watch?v=4YuO8HXDvXo
,tS9jTiz2qSA,실패,자막 없음(한국어 자막 미제공),뽀플리,| aespa PLAYLIST | 에스파 플레이리스트,20250921,1:01:56,,0,0,https://www.youtube.com/watch?v=tS9jTiz2qSA
237,6IFeGqSqrKs,성공,,HYBE LABELS,LE SSERAFIM (르세라핌) ‘BOOMPALA' OFFICIAL PERFORMANCE FILM @ THE QUARRY,20260526,3:02,,2,1344,https://www.youtube.com/watch?v=6IFeGqSqrKs
238,TPjq_IXUpkE,성공,,미래남자,민주주의는 끝났습니다,20260710,14:53,,16,7887,https://www.youtube.com/watch?v=TPjq_IXUpkE
239,x2eJlMatzK4,성공,,Trade King Kang,헤즈볼라 무장해제가 시작됐다,20260709,24:26,,20,15452,https://www.youtube.com/watch?v=x2eJlMatzK4
240,Z1Axn8M5Fcs,성공,,Trade King Kang,중국의 급소는 대만해협이었다,20260710,17:30,,14,10860,https://www.youtube.com/watch?v=Z1Axn8M5Fcs
241,8AVb4nPI_5Y,성공,,내 이름은 오춘삼,채널을 유지하기가 어려울 것 같습니다,20260710,2:16,,2,1136,https://www.youtube.com/watch?v=8AVb4nPI_5Y
242,ZZ7kljLImck,성공,,포스텔러 FORCETELLER,나 좋다고 졸졸 따라다니는 사주 대공개🥰 | 금사빠 EP.76,20260202,15:22,,16,7952,https://www.youtube.com/watch?v=ZZ7kljLImck
243,gR9gDyLbYNo,성공,,홍아트 클라쓰,[프리미어] 타임라인으로 비디오나 오디오만 올라올 때 해결 방법,20220114,1:36,,6,604,https://www.youtube.com/watch?v=gR9gDyLbYNo
244,5spDxl-yzUQ,성공,,안녕하세요원이입니다잘부탁드립니다,양키의 하루 배워보기 | 캐릭터 외전,20260710,18:19,,86,5138,https://www.youtube.com/watch?v=5spDxl-yzUQ
245,wdH5_I7UiHA,성공,,안녕하세요원이입니다잘부탁드립니다,미나미의 본모습,20260628,27:46,,116,7806,https://www.youtube.com/watch?v=wdH5_I7UiHA
,3hEuDhAnVNc,실패,자막 없음(한국어 자막 미제공),KBS Kpop,LEMONADE - aespa [뮤직뱅크/Music Bank] | KBS 260529 방송,20260529,3:38,,0,0,https://www.youtube.com/watch?v=3hEuDhAnVNc
,SZiwpL62to8,실패,자막 없음(한국어 자막 미제공),LE SSERAFIM,ANTIFRAGILE,20221017,3:04,,0,0,https://www.youtube.com/watch?v=SZiwpL62to8
,4N15045PHEA,실패,자막 없음(한국어 자막 미제공),BLACKPINK,Pink Venom,20220819,3:07,,0,0,https://www.youtube.com/watch?v=4N15045PHEA
,Wk3Vxt3knnI,실패,자막 없음(한국어 자막 미제공),LE SSERAFIM,FEARLESS,20220502,2:48,,0,0,https://www.youtube.com/watch?v=Wk3Vxt3knnI
,ewJBkYws3AA,실패,자막 없음(한국어 자막 미제공),NMIXX,KNOW ABOUT ME,20250317,2:46,,0,0,https://www.youtube.com/watch?v=ewJBkYws3AA
,WdiSosDz4ss,실패,자막 없음(한국어 자막 미제공),LE SSERAFIM,UNFORGIVEN (feat. Nile Rodgers),20230501,3:02,,0,0,https://www.youtube.com/watch?v=WdiSosDz4ss
246,9JFi7MmjtGA,성공,,BPM Entertainment,VIVIZ (비비지) - 'MANIAC' MV,20231102,3:16,,25,331,https://www.youtube.com/watch?v=9JFi7MmjtGA
247,sVTy_wmn5SU,성공,,HYBE LABELS,NewJeans (뉴진스) 'OMG' Official MV (Performance ver.1),20230103,3:40,,18,1841,https://www.youtube.com/watch?v=sVTy_wmn5SU
248,Rrf8uQFvICE,성공,,HYBE LABELS,NewJeans (뉴진스) 'Hype Boy' Official MV (MINJI ver.),20220723,2:56,,10,1139,https://www.youtube.com/watch?v=Rrf8uQFvICE
249,PGLx4V680J8,성공,,STARSHIP,IVE 아이브 'Accendio' MV,20240515,3:43,,15,1072,https://www.youtube.com/watch?v=PGLx4V680J8
250,NYT3Opelerg,성공,,Ash-B,Ash-B (애쉬비) - LIT (feat. BOBBY) [Official M/V],20230715,2:42,,13,1406,https://www.youtube.com/watch?v=NYT3Opelerg
251,9qkpcLK422o,성공,,STARSHIP,IVE 아이브 'BANG BANG' MV,20260209,3:04,,7,1069,https://www.youtube.com/watch?v=9qkpcLK422o
,JyvvqnUaMgY,실패,자막 없음(한국어 자막 미제공),BIBI,BIBI Vengeance (나쁜X),20221118,2:45,,0,0,https://www.youtube.com/watch?v=JyvvqnUaMgY
252,n6B5gQXlB-0,성공,,HYBE LABELS,LE SSERAFIM (르세라핌) 'CRAZY' OFFICIAL MV,20240830,2:50,,15,1227,https://www.youtube.com/watch?v=n6B5gQXlB-0
,OpqB1GJbzms,실패,자막 없음(한국어 자막 미제공),KiiiKiii,KiiiKiii 키키 '404 (New Era)' Dance Practice,20260130,3:04,,0,0,https://www.youtube.com/watch?v=OpqB1GJbzms
253,6oG3oaZ4HQg,성공,,KBS 다큐,와..이래서 북한이 목숨 걸고 숨겼나.. USB에 담겨 있던 충격적인 영상이 공개됐다 | 시사기획 창 KBS 20260707 방송,20260708,47:13,,218,13080,https://www.youtube.com/watch?v=6oG3oaZ4HQg
254,rqA5vHcZ8jY,성공,,크랩 KLAB,메시는 어떻게 아르헨티나 축구협회를 갈아엎었나｜크랩,20260710,8:43,,8,4828,https://www.youtube.com/watch?v=rqA5vHcZ8jY
255,zoiuqxsRx8U,성공,,우쓰의 홈레코딩 [WOOSE],맥북 용량 램 고민 '딱' 정해드리겠습니다 _ (맥북 8년차 경험기반),20250817,7:26,,10,3588,https://www.youtube.com/watch?v=zoiuqxsRx8U
256,zy9VZ9ZMmJc,성공,,IT덕후,"맥북 프로 M5 vs 맥북 에어 M5, 에어가 과연 ""합리적"" 일까?",20260406,11:22,,9,5854,https://www.youtube.com/watch?v=zy9VZ9ZMmJc
257,iW9cycjnSvc,성공,,GJJB,맥북 사기 전에 꼭 봐야 하는 영상 | 2026 맥북 구매 가이드,20260506,15:17,,42,7400,https://www.youtube.com/watch?v=iW9cycjnSvc
258,iQbLJJ8tM6Q,성공,,디에디트 THE EDIT,이제 진짜 아이패드 프로 사지 말라고...,20260707,15:02,,14,7337,https://www.youtube.com/watch?v=iQbLJJ8tM6Q
,VYx4uU8qqRU,실패,멤버십 전용(접근 불가),,,,,,0,0,https://www.youtube.com/watch?v=VYx4uU8qqRU
259,ZICbCFTWeTM,성공,,ITSub잇섭,맥북에어랑 고민된다면 꼭 보세요 ㅋㅋ 애플 M5 탑재한 신형 맥북프로 성능 분석,20251110,13:11,,18,7125,https://www.youtube.com/watch?v=ZICbCFTWeTM
260,vpg_PnONB_s,성공,,우쓰의 홈레코딩 [WOOSE],"맥북을 쓰는 '7가지 이유 + (M1,M2,M3,M4,M5 뭐살지 골라드림)",20251117,8:00,,7,3947,https://www.youtube.com/watch?v=vpg_PnONB_s
261,pLHom8xqMvA,성공,,가전연구소 - Appliance Lab,맥북프로 M5 24gb 옵션 이렇게 선택하세요..!,20260709,18,,1,190,https://www.youtube.com/watch?v=pLHom8xqMvA
262,chAlIgS5PwA,성공,,clever 3mintech,M5맥북에어 살까말까. 3분정리.,20260523,3:00,,3,2025,https://www.youtube.com/watch?v=chAlIgS5PwA
263,EmeW6li6bbo,성공,,JYP Entertainment,NMIXX(엔믹스) “Blue Valentine” M/V,20251013,3:14,,12,1260,https://www.youtube.com/watch?v=EmeW6li6bbo
264,NIR9CQTEB_g,성공,,포스텔러 FORCETELLER,❗️사주에 나란히 있는 병존 글자❗️200% 활용하는 법🌟 (천간편) | 금사빠 EP.29,20241111,17:30,,16,9251,https://www.youtube.com/watch?v=NIR9CQTEB_g
265,h3rmoTooBnc,성공,,포스텔러 FORCETELLER,🌺 사주에 나란히 있는 병존 🌺 똑같은 글자가 사주에 있을 때 훨씬 치명적인 이유😘 (지지편) | 금사빠 EP.41,20250217,25:06,,21,13143,https://www.youtube.com/watch?v=h3rmoTooBnc
,vHAGhAAolMg,실패,연령 제한(로그인 필요),,,,,,0,0,https://www.youtube.com/watch?v=vHAGhAAolMg
266,DRzVaV8cyDk,성공,,가인지TV,"""나 물경력인가..?"" 직장인들이 현타 세게 올 때!🚨 일 잘하는 에이스들은 오히려 쿨하게 떠난다?",20260703,11:04,,10,6382,https://www.youtube.com/watch?v=DRzVaV8cyDk
267,dB109Z-vza0,성공,,뻑가 PPKKa,불법정보,20260707,4:02,,3,2234,https://www.youtube.com/watch?v=dB109Z-vza0
268,aPOzOf44LEc,성공,,Trade King Kang,1. 미국 250주년에 반공을 외쳤다 (미국 독립기념일 연설),20260707,11:45,,10,7084,https://www.youtube.com/watch?v=aPOzOf44LEc
269,3CgIhN7Aupw,성공,,축구친구,이강인은 왜 AT마드리드로 갔을까?,20260706,15:25,,14,9928,https://www.youtube.com/watch?v=3CgIhN7Aupw
270,So-8rVI3ZKk,성공,,Trade King Kang,"미국, 북미를 봉쇄했다",20260706,23:08,,19,14263,https://www.youtube.com/watch?v=So-8rVI3ZKk
271,mgFyfe_nW58,성공,,길 인간학연구소,성격테스트 | 초간단 에니어그램 유형 찾기,20210424,9:34,,98,4465,https://www.youtube.com/watch?v=mgFyfe_nW58
272,wxTMCgxJpsY,성공,,길 인간학연구소,"[에니어그램] 엄마와 개그맨 | 하모닉 해석 (2번, 7번, 9번)",20210917,15:11,,14,7183,https://www.youtube.com/watch?v=wxTMCgxJpsY
273,AtKe-X-lWWM,성공,,길 인간학연구소,"[에니어그램] 어머니는 자장면이 싫다고 하셨어 | 하모닉 해석 (2번, 7번, 9번)",20210923,18:35,,21,8837,https://www.youtube.com/watch?v=AtKe-X-lWWM
274,IP1jk3ODH_Y,성공,,길 인간학연구소,[에니어그램] 나를 찾아가는 아홉가지 길,20210929,15:58,,12,7892,https://www.youtube.com/watch?v=IP1jk3ODH_Y
275,8LaeFr7vXiM,성공,,길 인간학연구소,"[에니어그램] 프로의 세계가 냉정한 이유 | 하모닉 해석(1번, 3번, 5번)",20211004,10:04,,11,4910,https://www.youtube.com/watch?v=8LaeFr7vXiM
276,bWNbbV-1ssU,성공,,길 인간학연구소,"[에니어그램] 감정을 다루는 법 : 비온 뒤 맑음 | 하모닉 해석 (1번, 3번, 5번)",20211010,20:08,,16,9887,https://www.youtube.com/watch?v=bWNbbV-1ssU
277,nWtC8Mk1l0w,성공,,길 인간학연구소,"[에니어그램] 그들이 밀당을 하는 이유 | 하모닉 해석 (4번, 6번, 8번)",20211014,12:55,,10,6452,https://www.youtube.com/watch?v=nWtC8Mk1l0w
278,a1IuidFKfLk,성공,,길 인간학연구소,"[에니어그램] 그들이 빡친 이유 | 하모닉 해석 (4번, 6번, 8번)",20211019,16:03,,15,7907,https://www.youtube.com/watch?v=a1IuidFKfLk
279,Ns8yJbQ0pgI,성공,,초코서당(초명),중화사주 접근법 | 실전 사주풀이 | 해월 임인일주,20220624,1:26:39,상담일지,186,33133,https://www.youtube.com/watch?v=Ns8yJbQ0pgI
280,9boyc90qcHk,성공,,초코서당(초명),토 인성이 과다할 때 | 실전 사주풀이 |진월 신축일주,20220622,1:58:48,상담일지,325,43927,https://www.youtube.com/watch?v=9boyc90qcHk
281,vuSRH5szm8c,성공,,초코서당(초명),사주에서 충은 나쁜 게 아닙니다 | 실전 사주풀이 | 묘월 계유일주,20220629,51:15,상담일지,107,22056,https://www.youtube.com/watch?v=vuSRH5szm8c
,izbJ6gkKaNM,실패,자막 없음(한국어 자막 미제공),초코서당(초명),수 비겁이 과다할 때 | 실전 사주풀이 | 자월 임자일주,20220629,1:12:55,상담일지,0,0,https://www.youtube.com/watch?v=izbJ6gkKaNM
282,1WOtb0JMYck,성공,,초코서당(초명),사주로 보는 아이의 성격과 기질 | 실전 사주풀이 | 사월 경자일주,20220629,28:31,상담일지,53,12472,https://www.youtube.com/watch?v=1WOtb0JMYck
283,kScGN2XOudM,성공,,초코서당(초명),편재가 발달한 사주 | 실전 사주풀이 | 신월 병신일주,20220629,52:41,상담일지,99,21428,https://www.youtube.com/watch?v=kScGN2XOudM
284,luToIOJjO3c,성공,,초코서당(초명),무식상인데 작가를 꿈꾸는 사주 | 실전 사주풀이 | 자월 기축일주,20230822,48:33,상담일지,174,15027,https://www.youtube.com/watch?v=luToIOJjO3c
285,MWQxDrl56yo,성공,,초코서당(초명),극신약한데 방어를 잘 하고 있는 사주 | 실전 사주풀이 | 자월 기묘일주 | 사월 경자일주 | 묘월 신유일주,20230905,1:11:44,상담일지,194,24863,https://www.youtube.com/watch?v=MWQxDrl56yo
286,Mkhl9X9PbJ0,성공,,초코서당(초명),돈을 좇기보다 활인업에 종사하면 좋은 사주 | 실전 사주풀이 | 축월 정해일주,20230907,41:17,상담일지,98,14897,https://www.youtube.com/watch?v=Mkhl9X9PbJ0
287,hTwWebdxco4,성공,,초코서당(초명),승진을 포기하는 게 더 행복한 사주  | 실전 사주풀이 | 묘월 갑신일주,20230908,44:48,상담일지,102,17169,https://www.youtube.com/watch?v=hTwWebdxco4
288,QVVc-MF_z_Y,성공,,초코서당(초명),내 사주의 식상을 빛나게 하는 방법 | 실전 사주풀이 | 신월 경술일주,20231009,58:08,상담일지,173,18807,https://www.youtube.com/watch?v=QVVc-MF_z_Y
289,zoGR14j5kVM,성공,,초코서당(초명),무식상이 무식상이 아닌 경우 / 어릴 때의 대운과 지장간을 놓치지 말자,20230928,13:40,상담일지,34,5400,https://www.youtube.com/watch?v=zoGR14j5kVM
290,bbt6fgchBLU,성공,,초코서당(초명),대체 사주를 왜 품평하나요?,20230925,39:01,상담일지,72,14566,https://www.youtube.com/watch?v=bbt6fgchBLU
291,_xoABm6Vd64,성공,,초코서당(초명),계해일주 계해시 VS 계해일주 임자시,20231009,56:00,일주+시주론,62,27349,https://www.youtube.com/watch?v=_xoABm6Vd64
292,z11ZeoBtYC0,성공,,초코서당(초명),사주의 핵심은 대운이다(원국과 대운 함께 보기),20220209,46:40,사주를 풀이하는 순서와 방법,41,23395,https://www.youtube.com/watch?v=z11ZeoBtYC0
293,0W1EFtPy85w,성공,,초코서당(초명),내 사주 내가 보기(3시간30분 주의!),20220423,3:29:44,사주를 풀이하는 순서와 방법,225,95672,https://www.youtube.com/watch?v=0W1EFtPy85w
294,dFSZ4WOYCNE,성공,,초코서당(초명),"사주를 볼 때 취업, 이직, 시험 합격에 좋을 때는 언제일까요?",20220610,24:26,사주를 풀이하는 순서와 방법,20,12397,https://www.youtube.com/watch?v=dFSZ4WOYCNE
295,ovgDLUWYK64,성공,,초코서당(초명),사주 상담 시 물어봐야 할 것들 | 사월 임인일주 | 해월 계유일주,20220717,25:51,사주를 풀이하는 순서와 방법,22,13453,https://www.youtube.com/watch?v=ovgDLUWYK64
296,W2qOYgmZQdM,성공,,초코서당(초명),내 사주에 인성이 많으면? | 인월 정묘일주 | 축월 병술일주,20220729,21:55,사주를 풀이하는 순서와 방법,16,10263,https://www.youtube.com/watch?v=W2qOYgmZQdM
297,qDP8RiDSHXw,성공,,초코서당(초명),기구신도 나의 몸입니다 | 기구신이 무력화될 때도 위험할 수 있어요,20220813,19:19,사주를 풀이하는 순서와 방법,16,9795,https://www.youtube.com/watch?v=qDP8RiDSHXw
,_WDyPs4DlU0,실패,자막 없음(한국어 자막 미제공),반지하살롱,"김꽃비 작품, Directed by KKotbi Kim [캠핑을 좋아하세요, Do you like camping?]",20201023,16:18,사주를 풀이하는 순서와 방법,0,0,https://www.youtube.com/watch?v=_WDyPs4DlU0
298,AMoETMQ9TfE,성공,,초코서당(초명),명리 입문자들을 위한 연예인 비(정지훈) 사주 해석,20230316,18:24,사주를 풀이하는 순서와 방법,17,8591,https://www.youtube.com/watch?v=AMoETMQ9TfE
299,8ZpzNQdV-jU,성공,,초코서당(초명),사주로 보는 내 아이의 미래 | 공부보다 더 중요한 게 있습니다,20220611,50:04,사주를 풀이하는 순서와 방법,51,24597,https://www.youtube.com/watch?v=8ZpzNQdV-jU
300,ZWFrQJE6CFc,성공,,초코서당(초명),👉🏻음양은 오행의 시작 | 태극으로 보는 오행,20210914,7:44,[기초]음양과 오행,13,3135,https://www.youtube.com/watch?v=ZWFrQJE6CFc
301,L639l5IANpo,성공,,초코서당(초명),"🌳목(木)은 나무가 아니다 | 목(木) 발달, 과다 시 특징, 활용법",20210916,10:59,[기초]음양과 오행,17,4471,https://www.youtube.com/watch?v=L639l5IANpo
302,ZiPyYfpTDGI,성공,,초코서당(초명),"🔥내 사주의 화(火)를 잘 다스리는 법(개운법, 발달, 과다, 장단점)",20210916,9:12,[기초]음양과 오행,15,4099,https://www.youtube.com/watch?v=ZiPyYfpTDGI
303,fNqXQ1de6Co,성공,,초코서당(초명),"🟫내 사주에 토(土)가 많다면? [토 과다, 발달, 고립 시 성격, 건강 정보]",20210928,4:46,[기초]음양과 오행,9,2230,https://www.youtube.com/watch?v=fNqXQ1de6Co
304,60aHa48_BsY,성공,,초코서당(초명),"🧈금(金)에 대한 모든 것[과다, 발달, 고립, 건강 등]",20210930,4:16,[기초]음양과 오행,8,1924,https://www.youtube.com/watch?v=60aHa48_BsY
305,VRuJMkbkr2w,성공,,초코서당(초명),👀오행으로만 사주를 판단하시면 안돼요,20211014,9:59,[기초]음양과 오행,21,4065,https://www.youtube.com/watch?v=VRuJMkbkr2w
306,GyS6PMnPb8k,성공,,초코서당(초명),"💧사주 오행 수(水)에 대한 특징 설명[과다, 발달, 고립, 건강 등]",20211008,8:10,[기초]음양과 오행,10,4006,https://www.youtube.com/watch?v=GyS6PMnPb8k
307,io5_Y2q1rQo,성공,,초코서당(초명),😀우리 아프지 말고 사주팔자로 건강 먼저 챙깁시다,20211028,18:05,[기초]음양과 오행,23,7912,https://www.youtube.com/watch?v=io5_Y2q1rQo
308,KlwpKy6rXLQ,성공,,초코서당(초명),내 사주에 맞는 여행지는 어디일까? / 음양오행으로 보는 추천 여행지 / 사주로 보는 해외유학과 해외여행 /,20211105,11:27,[기초]음양과 오행,13,5354,https://www.youtube.com/watch?v=KlwpKy6rXLQ
